,Outil,kgCO2eq/h Video+Audio
0,Autre/Je ne sais pas,66
1,Zoho,29.36470588
2,Microsoft Teams,30.68235294
3,Whereby,32.14117647
4,Zoom,33.22352941
5,Jitsi,36.65882353
6,Skype,37.12941176
7,BlueJeans,39.38823529
8,Google Meet,42.96470588
9,Cisco Webex,47.43529412
10,Go To Meeting,64.32941176
